<beans xmlns="http://www.springframework.org/schema/beans"
	xmlns:xsi="http://www.w3.org/2001/XMLSchema-instance" xmlns:p="http://www.springframework.org/schema/p"
	xmlns:aop="http://www.springframework.org/schema/aop" xmlns:context="http://www.springframework.org/schema/context"
	xmlns:jee="http://www.springframework.org/schema/jee" xmlns:tx="http://www.springframework.org/schema/tx"
	xmlns:task="http://www.springframework.org/schema/task"
	xsi:schemaLocation="http://www.springframework.org/schema/aop http://www.springframework.org/schema/aop/spring-aop-3.2.xsd http://www.springframework.org/schema/beans http://www.springframework.org/schema/beans/spring-beans-3.2.xsd http://www.springframework.org/schema/context http://www.springframework.org/schema/context/spring-context-3.2.xsd http://www.springframework.org/schema/jee http://www.springframework.org/schema/jee/spring-jee-3.2.xsd http://www.springframework.org/schema/tx http://www.springframework.org/schema/tx/spring-tx-3.2.xsd http://www.springframework.org/schema/task http://www.springframework.org/schema/task/spring-task-3.2.xsd">
 
	
 	<!-- Defined  beans for Singer and constructor based injection -->
	<bean id="singer" class="com.training.spring.demo.Singer">		
	
	<constructor-arg value="performing my new album"></constructor-arg>
		
	</bean>
	
	<bean id="instrumentallist" class="com.training.spring.demo.InstrumentalList">
		<property name="saxophone" ref="saxophone"></property>
	</bean>
	 <!-- Defined  beans for Saxophone -->
	<bean id="saxophone" class="com.training.spring.demo.Saxophone">
	</bean>
	 <!-- Defined  beans for Flute -->
	<bean id="flute" class="com.training.spring.demo.Flute">
	</bean>
	 <!-- Defined  beans for Guitar -->
	<bean id="guitar" class="com.training.spring.demo.Guitar">
	</bean>
	
	
	<!-- Defined  beans for OneManBand and injecting instrument list setter injection -->
	<bean id="onemanband" class="com.training.spring.demo.OneManBand">
		<property name="instrument">
		
		<list>
			<ref bean="saxophone"></ref>
			<ref bean="flute"></ref>
			<ref bean="guitar"></ref>
		</list>
		</property>
	</bean>
	
	
</beans>